group,acc,f1,fpr,fp,tn
noi,0.8819444444444444,0.9028571428571427,0.12727272727272726,7,48
oi,0.9806451612903225,0.990228013029316,1.0,3,0
oni,0.9446764091858038,0.9712425393380358,0.8275862068965517,48,10
