group,acc,f1,fpr
noi,0.8611111111111112,0.8888888888888888,0.19999999999999996
oi,0.9806451612903225,0.990228013029316,1.0
oni,0.9446764091858038,0.9713668287412209,0.896551724137931
