group,acc,f1,fpr,fp,tn
noi,0.8263888888888888,0.8538011695906433,0.16363636363636364,9,46
oi,0.9032258064516129,0.9491525423728813,1.0,3,0
oni,0.8903966597077244,0.9401709401709402,0.5172413793103449,30,28
