group,acc,f1,fpr
noi,0.8263888888888888,0.8717948717948718,0.38181818181818183
oi,0.967741935483871,0.9836065573770492,1.0
oni,0.9394572025052192,0.9685124864277959,0.8620689655172413
