group,acc,f1,fpr
noi,0.8680555555555556,0.8972972972972973,0.23636363636363633
oi,0.9806451612903225,0.990228013029316,1.0
oni,0.9436325678496869,0.9708108108108109,0.896551724137931
