group,acc,f1,fpr
noi,0.8958333333333334,0.9132947976878611,0.09090909090909091
oi,0.9806451612903225,0.990228013029316,1.0
oni,0.9467640918580376,0.9722976643128735,0.7931034482758621
