,identity,fp,tn,fpr
0,black/african-american,3,52,0.05454545454545454
1,mexican,3,23,0.11538461538461539
2,women,0,26,0.0
3,native american/indigenous,0,33,0.0
4,physical disabilities,1,52,0.018867924528301886
5,latino/hispanic,5,37,0.11904761904761904
6,chinese,2,48,0.04
7,middle eastern,3,34,0.08108108108108109
8,asian,0,38,0.0
9,jewish,5,48,0.09433962264150944
10,muslim,3,45,0.0625
11,mental disabilities,0,36,0.0
12,lgbtq+,7,30,0.1891891891891892
