group,acc,f1,fpr
noi,0.8819444444444444,0.9060773480662982,0.18181818181818177
oi,0.9806451612903225,0.990228013029316,1.0
oni,0.94258872651357,0.9702541914548404,0.896551724137931
