group,acc,f1,fpr,fp,tn
noi,0.8888888888888888,0.9080459770114941,0.10909090909090909,6,49
oi,0.9806451612903225,0.990228013029316,1.0,3,0
oni,0.9446764091858038,0.9712425393380358,0.8275862068965517,48,10
