,identity,fp,tn,fpr
0,black/african-american,2,53,0.03636363636363636
1,mexican,2,24,0.07692307692307693
2,women,0,26,0.0
3,native american/indigenous,0,33,0.0
4,physical disabilities,3,50,0.05660377358490566
5,latino/hispanic,7,35,0.16666666666666666
6,chinese,1,49,0.02
7,middle eastern,2,35,0.05405405405405406
8,asian,0,38,0.0
9,jewish,1,52,0.018867924528301886
10,muslim,2,46,0.041666666666666664
11,mental disabilities,0,36,0.0
12,lgbtq+,4,33,0.10810810810810811
